Food; Garniture; Ingreedients
Lassagne;;
Bacon;Pasta;
K�ttf�rss�s;Pasta;
Ugnskokt Lax;Potatis;
Hamburgare;Pommes;
Pannbiff;Potatis;
Tacos;;
Tacopaj;;
Pannkakor/Plättar;Bacon;
Ugnsgrillad Kyckling;Ris;
Kyckling-Currygryta;Ris;
Kyckling-Spenatgryta;Bandpasta;
Falukorv;Ris/Makaroner/Potatis;
Köttbullar;Pasta;
Kassler;Ris/Pasta/Potatis;
Kassler med Sm�rdegsskal;Ris;
Ostfylld Baconlindad Kyckling;Ris;
Tortilla fylld med Skinka & Ost;;
Fläskfilé;Pommes/Ris;
Fläskkotlett;Potatis/Pommes;
Lövbiff;Pommes;
Biffstroganoff?;Ris;
Korvstroganoff?;Ris;
Fläskpannkaka;;
Korvsås;Potatis/Ris;
Våfflor;;
Parisare;;
Fattiga Riddare;;
Piroger;;